{"gap": 0.7407035827636719, "value_x": 18.638416290283203, "value_y": 17.89771270751953, "seq_x": "DDRIWDEDWIDIFDDCVDDFDNWDNNYDGNDDNDDNYWYNYFRDFCVVWIQIWIRWDAAR", "seq_y": "DDTVDDGDFIGMMKGMQNDDDNDDNNDNNDDNNDDNDDNNDDTDMGGMMTQWDTVDVTVV", "ent_x": 2.9684387159454713, "ent_y": 2.7821950872074477, "kl_x_to_y": 0.13533745316320178, "kl_y_to_x": 0.14981353880789322, "hamming_xy": 41.0, "identity_xy": 0.31666666666666665}