{"gap": 0.04396247863769531, "value_x": 18.548646926879883, "value_y": 18.504684448242188, "seq_x": "KDVDDDFDDWIMMVMMVDVGDDDDDNNDDDDDDNNDNDDDVNWIGIWWDWMIIIDVVTAA", "seq_y": "KDVDDDDDDMFMMMMMVWVDDDDDDDNDDDNDDNDDNDDDDDVWGIWMDWFIVIDVVTAA", "ent_x": 2.946791007442145, "ent_y": 2.955400708337474, "kl_x_to_y": 0.009207215202073616, "kl_y_to_x": 0.009294533889697016, "hamming_xy": 16.0, "identity_xy": 0.7333333333333333}