{"gap": 0.03096771240234375, "value_x": 17.704660415649414, "value_y": 17.67369270324707, "seq_x": "PVLDDDDDDMDDMMDDMDDDDDDDDDDDDNDDNGDDGDDGGDDGDDDNDDNDDDNDDNDDDNDMGGMMNMMDDDDTVIVA", "seq_y": "PDDDDDDDDMDDMMDDMDDDDDDDDNDDDDDDNDDDGDDGGDDGDDDNDDNDDDNDDNDDDNDMGGMMNMMDTMDTVVVA", "ent_x": 2.4549601779339816, "ent_y": 2.4463763120290833, "kl_x_to_y": 0.015765790707881783, "kl_y_to_x": 0.015873781538009113, "hamming_xy": 8.0, "identity_xy": 0.9}